product_id,product_name,category,sub_category,brand,description,tags,price,rating
APD001,Chacha Chaudhary Digest,Books,Comics,Westland,"Classic Indian comic featuring the clever Chacha Chaudhary and his alien friend Sabu, solving mysteries with wit and humour.","comics,Chacha Chaudhary,Indian,humour,classic",149,4.1
APD002,OnePlus Nord CE 4,Electronics,Smartphones,OnePlus,"Mid-range powerhouse with a 6.7-inch AMOLED display running at 120 Hz, Snapdragon 7 Gen 3 chipset, 50 MP dual camera, 100W SUPERVOOC charging, and OxygenOS for a clean, bloat-free experience.","smartphone,OnePlus,fast charging,AMOLED,5G",24999,4.4
APD003,The Power of Your Subconscious Mind,Books,Self-Help,Westland,"Dr Joseph Murphy's classic on harnessing the subconscious for success, health, and happiness through visualisation, affirmation, and belief.","self-help,mindset,subconscious,classic,motivation",199,4.2
APD004,Prestige Electric Kettle 1.5L,Home & Kitchen,Appliances,Prestige,"1.5-litre stainless-steel electric kettle with auto shut-off, concealed heating element, 1500W power, and 360-degree swivel base. Boils water in under 4 minutes.",,999,4.2
APD005,FabIndia Cotton Stole,Fashion,Accessories,FabIndia,"Handloom cotton stole with vegetable-dyed stripes, soft texture, and generous length. Adds an artisanal touch to any outfit.","stole,FabIndia,handloom,cotton,artisanal",799,4.1
APD006,Fastrack Reflex Play,Fashion,Watches,Fastrack,"Affordable smartwatch with 1.3-inch colour display, heart-rate tracking, SpO2, multiple sport modes, and up to 7-day battery life. Perfect for youngsters.","smartwatch,Fastrack,budget,fitness,youth",2495,3.9
APD007,An Era of Darkness by Shashi Tharoor,Books,Non-Fiction,Penguin,"A scathing examination of British colonialism in India, unpacking how imperial rule impoverished and destabilised the subcontinent.","non-fiction,history,colonialism,Tharoor,India",426,4.6
APD008,Decathlon Pull-Up Bar Doorway,Sports,Fitness Equipment,Decathlon,"Adjustable doorway pull-up bar fitting door frames 70–95 cm wide. Foam-padded grips, multi-grip positions, and no drilling required.","fitness,Decathlon,pull-up bar,doorway,upper body",1576,3.6
APD009, Biba Embroidered Palazzo Set ,Fashion,Women's Clothing,Biba,"Three-piece set including embroidered kurta, palazzo pants, and sheer dupatta. Festive colours and intricate thread work.","palazzo set,Biba,embroidered,festive,women",3154,4.4
APD010,Apple iPhone 16 Pro Max,Electronics,Smartphones,Apple,"Top-of-the-line iPhone with A18 Pro chip, 48 MP periscope telephoto lens, titanium body, USB-C Thunderbolt, and all-day battery life.","smartphone,apple,iPhone 16,Pro Max,titanium",162454,4.5
APD011,boAt Energyshroom PB300,Electronics,Power Banks,boAt,"10000 mAh compact power bank with 22.5W fast output, Type-C PD, smart IC protection, and a textured finish.",,1164,3.9
APD012,Milton Pro Cook Triply Kadhai,Home & Kitchen,Cookware,Milton,"Triply stainless-steel kadhai with even heat distribution, riveted handle, and induction-compatible base. 24 cm diameter for family-size cooking.","cookware,Milton,kadhai,triply,stainless steel",2999,4.3
APD013,Puma Yoga Leggings Women,Sports,Yoga,Puma,"High-waist yoga leggings with four-way stretch, moisture-wicking DryCELL tech, flatlock seams, and hidden waistband pocket.","yoga,Puma,leggings,women,DryCELL",2940,4.6
APD014,Samsung Galaxy M35 5G,Electronics,Smartphones,Samsung,"Durable mid-ranger with Exynos 1380, 6000 mAh battery, vapour cooling chamber, 50 MP camera, and Knox security.","smartphone,samsung,budget,long battery,5G",16999,4.0
APD015,Yonex Badminton Shoes Aero Comfort 3,Sports,Badminton,Yonex,"Lightweight court shoes with round sole design, Power Cushion, and hexagrip outsole for superior grip and stability on indoor courts.","badminton,Yonex,shoes,court,Power Cushion",3499,4.3
APD016,Milton Thermosteel Flask 1L,Home & Kitchen,Storage,Milton,1-litre vacuum-insulated stainless-steel flask that keeps beverages hot for 24 hours and cold for 48. Leak-proof flip lid and durable body.,"storage,Milton,flask,thermosteel,insulated",923,4.5
APD017,Apple MacBook Pro 14 M3 Pro,Electronics,Laptops,Apple,"Pro-level MacBook with M3 Pro chip, 14.2-inch Liquid Retina XDR display, 18 GB unified memory, 18-hour battery, and ProMotion 120 Hz.","laptop,apple,macbook pro,M3 Pro,professional",175989,3.6
APD018,Realme Buds Air 5 Pro,Electronics,Headphones,Realme,"Premium TWS earbuds with 50 dB ANC, Hi-Res Audio, LDAC codec, 40-hour battery, and spatial audio support.","earbuds,realme,ANC,LDAC,Hi-Res",4468,4.2
APD019,FabIndia Terracotta Vase,Home & Kitchen,Decor,FabIndia,"Handcrafted terracotta vase with earthy glaze and organic form. Each piece is unique, celebrating traditional Indian pottery techniques.","decor,FabIndia,vase,terracotta,handcrafted",708,3.6
APD020,Mindset by Carol Dweck,Books,Self-Help,Penguin,Stanford psychologist Carol Dweck explains the power of believing that your abilities can grow — the 'growth mindset' framework used by educators worldwide.,"self-help,mindset,growth,Carol Dweck,psychology",479,4.3
APD021,GoPro HERO12 Black,Electronics,Cameras,GoPro,"Action camera with 5.3K 60 fps video, HyperSmooth 6.0 stabilisation, waterproof to 10 m, HDR photo, and Bluetooth audio support.","camera,GoPro,action,5.3K,waterproof",42271,4.1
APD022,H.C. Verma Concepts of Physics Vol 1,Books,Academic,Scholastic,"Classic physics textbook for IIT-JEE aspirants covering mechanics, waves, and thermodynamics with conceptual problems and worked examples.","academic,physics,JEE,HC Verma,mechanics",499,4.7
APD023,Nike Essential Yoga Kit,Sports,Yoga,Nike,"Complete yoga starter kit including 4 mm mat, yoga strap, and carrying sling. Everything a beginner needs to start practising at home.","yoga,Nike,starter kit,mat,beginner",3995,4.2
APD024,The Immortals of Meluha,Books,Non-Fiction,Westland,Amish Tripathi reimagines Lord Shiva as a tribal chief in this mythological fiction-meets-thriller set in 1900 BCE Meluha.,"fiction,mythology,Shiva,Amish Tripathi,Indian",352,3.8
APD025,HomeTown Engineered Wood Study Desk,Home & Kitchen,Furniture,HomeTown,"Compact study desk with engineered wood top, metal frame, keyboard tray, and cable management hole. Space-efficient design for small rooms.","furniture,HomeTown,study desk,compact,engineered wood",5999,4.1
APD026,SG Savage Edition Cricket Bat,Sports,Cricket,SG,"Kashmir willow bat with concaved back profile for lightweight pick-up, treble spring handle, and SG branding. Tournament-ready.","cricket,SG,bat,Kashmir willow,concave",5481,3.8
APD027,The Alchemist by Paulo Coelho,Books,Fiction,HarperCollins,"An enchanting tale of Santiago, an Andalusian shepherd boy, who journeys to Egypt in search of treasure and discovers the true meaning of life.","fiction,Alchemist,Paulo Coelho,bestseller,adventure",299,4.5
APD028,Bajaj 1200W Dry Iron,Home & Kitchen,Appliances,Bajaj,"Lightweight dry iron with non-stick soleplate, adjustable temperature knob, LED indicator, and 1.8 m cord. Quick heating in under 2 minutes.","appliance,Bajaj,iron,dry,non-stick",734,4.2
APD029,Puma Velocity Nitro 3,Sports,Running,Puma,"Responsive daily trainer with NITRO foam, engineered mesh, PUMAGRIP outsole, and plush collar for long-run comfort. Versatile road running shoe.","running,Puma,Nitro,daily trainer,responsive",9999,4.4
APD030,Watchmen by Alan Moore,Books,Comics,Penguin,Groundbreaking graphic novel deconstructing the superhero genre. Set in an alternate 1985 where costumed vigilantes are outlawed. Time magazine's top 100 novels.,"comics,graphic novel,Alan Moore,superhero,classic",879,3.8
APD031,Realme Narzo 70 Pro,Electronics,Smartphones,Realme,"Budget 5G smartphone with Dimensity 7050, 120 Hz AMOLED display, 64 MP OIS camera, 5000 mAh battery, and 67W SUPERVOOC charging.","smartphone,realme,budget,5G,AMOLED",17999,4.1
APD032,HP Pavilion x360 14,Electronics,Laptops,HP,"Versatile 2-in-1 convertible laptop featuring a 14-inch FHD touchscreen, Intel Core i7, 16 GB RAM, 512 GB SSD, and HP Pen support. Easily switch between laptop and tablet modes.",,72990,4.2
APD033,JBL Live 770NC,Electronics,Headphones,JBL,,"headphones,JBL,ANC,hi-res,long battery",9999,4.4
APD034,Cello Steelox Casserole Set,Home & Kitchen,Cookware,Cello,"Set of 3 insulated stainless-steel casseroles that keep food warm for hours. BPA-free inner lids, sturdy handles, and elegant finish.","cookware,Cello,casserole,insulated,stainless steel",2010,4.0
APD035,Casio G-Shock GA-2100,Fashion,Watches,Casio,"Rugged octagonal watch with carbon core guard structure, 200 m water resistance, world time, LED light, and shock-resistant design.","watch,Casio,G-Shock,rugged,carbon",10995,4.6
APD036,Nilkamal Plastic Chair CHR 2180,Home & Kitchen,Furniture,Nilkamal,"Stackable moulded plastic chair with armrests, UV-stabilised material, and 150 kg load capacity. Affordable seating for events and home use.","furniture,Nilkamal,chair,stackable,UV stabilised",1148,3.7
APD037,Milton Vitro Plastic Jar Set,Home & Kitchen,Storage,Milton,Set of 12 BPA-free plastic jars with airtight screw-cap lids and transparent bodies. Keeps spices and pulses fresh for weeks.,"storage,Milton,jar,airtight,kitchen",499,4.2
APD038,boAt Energyshroom PB300,Electronics,Power Banks,boAt,"10000 mAh compact power bank with 22.5W fast output, Type-C PD, smart IC protection, and a textured finish.","power bank,boAt,10000mAh,22.5W,compact",1073,4.5
APD039,Peter England Nehru Jacket,Fashion,Men's Clothing,Peter England,"Structured Nehru jacket in cotton-linen blend with mandarin collar, front buttons, and welt pockets. Ideal for festive and semi-formal occasions.","jacket,Peter England,Nehru,festive,men",3811,3.9
APD040,Puma Yoga Block Set,Sports,Yoga,Puma,"Set of 2 high-density EVA foam blocks with rounded edges, lightweight and non-slip. Helps deepen stretches and maintain proper alignment.","yoga,Puma,block,EVA foam,alignment",799,4.1
APD041,boAt Airdopes 141,Electronics,Headphones,boAt,"True wireless earbuds with 8 mm drivers, 42 hours of total playback, ENx noise cancellation for calls, IPX4 sweat resistance, and low-latency gaming mode.","earbuds,boAt,TWS,wireless,budget",1099,4.0
APD042,Bajaj Immersion Water Heater,Home & Kitchen,Appliances,Bajaj,,"appliance,Bajaj,immersion heater,budget,ISI",599,3.8
APD043,Peter England Nehru Jacket,Fashion,Men's Clothing,Peter England,"Structured Nehru jacket in cotton-linen blend with mandarin collar, front buttons, and welt pockets. Ideal for festive and semi-formal occasions.","jacket,Peter England,Nehru,festive,men",2699,3.6
APD044,Adidas Linear Duffel Bag,Fashion,Accessories,Adidas,"Medium-sized duffel bag with adjustable shoulder strap, ventilated shoe compartment, and water-resistant base. Ideal for gym and travel.","duffel,adidas,gym,travel,water resistant",2499,4.2
APD045, Philips Juicer Mixer Grinder HL7579 ,Home & Kitchen,Appliances,Philips,"600W juicer mixer grinder with 3 jars, dedicated juicing attachment, and leak-proof design. From fruit juices to masala grinding — one appliance does it all.","appliance,Philips,juicer,mixer grinder,multipurpose",5315,4.1
APD046,Nike Heritage Waist Bag,Fashion,Accessories,Nike,"Adjustable waist bag with zippered main compartment, front pocket, and reflective details. Lightweight hands-free carry for runs and festivals.","waist bag,Nike,heritage,compact,reflective",1501,4.5
APD047,IKEA SMYCKA Artificial Flowers,Home & Kitchen,Decor,IKEA,Set of 3 lifelike artificial flowers with long stems. Maintenance-free and perfect for brightening any room year-round.,"decor,IKEA,flowers,artificial,colourful",299,3.9
APD048, Levi's 501 Original Jeans ,Fashion,Men's Clothing,Levi's,"The iconic straight-fit jeans with button fly, signature rivets, and heavyweight denim. A timeless American classic loved worldwide.","jeans,Levi's,501,original,straight fit",3999,4.4
APD049,boAt Energyshroom PB300,Electronics,Power Banks,boAt,"10000 mAh compact power bank with 22.5W fast output, Type-C PD, smart IC protection, and a textured finish.","power bank,boAt,10000mAh,22.5W,compact",882,4.1
APD050,Ambrane 10000 mAh Stylo,Electronics,Power Banks,Ambrane,"Slim 10000 mAh power bank with lithium-polymer cells, dual USB output, LED indicator, and Type-C input port.","power bank,Ambrane,10000mAh,slim,budget",899,3.9
APD051,Apple MacBook Pro 14 M3 Pro,Electronics,Laptops,Apple,"Pro-level MacBook with M3 Pro chip, 14.2-inch Liquid Retina XDR display, 18 GB unified memory, 18-hour battery, and ProMotion 120 Hz.","laptop,apple,macbook pro,M3 Pro,professional",197232,4.0
APD052,Nike Dri-FIT Cap,Fashion,Accessories,Nike,"Lightweight cap with Dri-FIT moisture-wicking tech, six-panel design, curved brim, and adjustable back strap. Keeps you cool in the sun.","cap,Nike,Dri-FIT,sports,sun protection",1495,4.2
APD053,Cello Novelty Compact Cupboard,Home & Kitchen,Storage,Cello,"Compact plastic cupboard with 2 shelves, hanging space, and ventilation grilles. Lightweight yet sturdy for small bedrooms and paying-guest accommodations.","storage,Cello,cupboard,plastic,compact",4999,4.0
APD054,Sony WH-1000XM5,Electronics,Headphones,Sony,"Industry-leading noise-cancelling over-ear headphones with 30-hour battery, adaptive sound control, Hi-Res Audio, multipoint connection, and ultra-comfortable design. A must for audiophiles.","headphones,sony,noise cancelling,premium,wireless",26990,4.8
APD055,IKEA KALLAX Shelf Unit,Home & Kitchen,Furniture,IKEA,"Versatile 4×2 shelving unit in white finish, suitable as a room divider, bookshelf, or display unit. Compatible with KALLAX inserts for customised storage.","furniture,IKEA,shelf,storage,modular",7999,4.3
APD056,Nivia Cricket Helmet,Sports,Cricket,Nivia,"Mild-steel grill cricket helmet with high-impact ABS shell, adjustable chinstrap, sweat-absorbent inner padding, and ventilation slots.","cricket,Nivia,helmet,protection,ABS",1820,3.6
APD057,Cello Checkers Chest of Drawers,Home & Kitchen,Storage,Cello,"4-drawer plastic storage chest with smooth-glide drawers, sturdy construction, and neutral colour options. Great for organising clothes, toys, and accessories.","storage,Cello,drawers,plastic,organiser",3499,4.1
APD058,Biba Printed A-Line Kurta,Fashion,Women's Clothing,Biba,"A-line kurta with floral digital print, round neck, and three-quarter sleeves. Made from pure cotton for all-day comfort.","kurta,Biba,A-line,cotton,women",1499,4.2
APD059,SG Batting Gloves RSD Xtreme,Sports,Cricket,SG,"Batting gloves with high-density foam padding, leather palm, flexible gussets, and Velcro wrist strap. Excellent grip and protection.","cricket,SG,gloves,batting,protection",1799,4.3
APD060,Cello Steelox Casserole Set,Home & Kitchen,Cookware,Cello,"Set of 3 insulated stainless-steel casseroles that keep food warm for hours. BPA-free inner lids, sturdy handles, and elegant finish.","cookware,Cello,casserole,insulated,stainless steel",1742,3.9
APD061,R.S. Aggarwal Quantitative Aptitude,Books,Academic,Rupa Publications,"Go-to book for competitive exam preparation covering arithmetic, algebra, geometry, and data interpretation with hundreds of solved examples.","academic,quantitative,competitive exams,aptitude,RS Aggarwal",499,4.8
APD062,Sapiens by Yuval Noah Harari,Books,Non-Fiction,Penguin,"A brief history of humankind covering 70,000 years of human evolution — from cognitive revolution to the scientific revolution. Thought-provoking and accessible.","non-fiction,history,science,humanity,bestseller",499,4.7
APD063,Nivia Cricket Helmet,Sports,Cricket,Nivia,"Mild-steel grill cricket helmet with high-impact ABS shell, adjustable chinstrap, sweat-absorbent inner padding, and ventilation slots.","cricket,Nivia,helmet,protection,ABS",1744,3.6
APD064,Under Armour Project Rock Duffel,Sports,Fitness Equipment,Under Armour,"Large gym duffel bag with laundry compartment, abrasion-resistant base, internal organiser, and adjustable shoulder strap. The Rock approved.","fitness,Under Armour,duffel,gym bag,Project Rock",5837,4.3
APD065,Peter England Chinos,Fashion,Men's Clothing,Peter England,"Comfortable cotton-blend chinos with a slim fit, flat front, and stretch waistband. Available in multiple earthy tones for smart-casual dressing.","chinos,Peter England,slim fit,casual,men",1599,4.1
APD066, Samsung Galaxy A55 5G ,Electronics,Smartphones,Samsung,"Affordable Samsung 5G phone with Super AMOLED display, Exynos 1480, triple cameras, IP67 water resistance, and One UI 6.1. Great value for everyday use.","smartphone,samsung,budget,5G,AMOLED",26999,4.2
APD067,Realme GT 6,Electronics,Smartphones,Realme,"Performance-oriented smartphone packing a Snapdragon 8s Gen 3 processor, 6.78-inch 120 Hz LTPO display, 50 MP Sony sensor, and 5500 mAh battery. Ideal for gaming and multitasking.","smartphone,realme,gaming,performance,5G",30999,4.3
APD068,Xiaomi Pad 6,Electronics,Tablets,Xiaomi,"11-inch 2.8K display, Snapdragon 870, quad speakers with Dolby Atmos, 8840 mAh battery, and 144 Hz refresh rate. Great for media consumption.","tablet,xiaomi,entertainment,Dolby,144Hz",24999,4.4
APD069,boAt Stone 1200,Electronics,Speakers,boAt,"14W portable speaker with RGB LED lights, 9-hour battery, IPX7 water resistance, and TWS pairing for stereo sound. Perfect for small house parties.","speaker,boAt,portable,party,RGB",2999,4.0
APD070,Yonex Voltric 200 Taufik,Sports,Badminton,Yonex,"Power-oriented racquet with Tri-Voltage System, isometric head shape, and head-heavy balance. Named after badminton legend Taufik Hidayat.","badminton,Yonex,Voltric,power,head heavy",5065,4.2
APD071,Samsung Galaxy Tab A9+,Electronics,Tablets,Samsung,,"tablet,samsung,budget,android,quad speakers",21833,4.2
APD072,Allen Solly Regular Fit Shirt,Fashion,Men's Clothing,Allen Solly,"Crisp cotton formal shirt with a regular fit, button-down collar, single chest pocket, and wrinkle-resistant finish. Ideal for office wear.","shirt,Allen Solly,formal,cotton,men",1299,4.2
APD073,Watchmen by Alan Moore,Books,Comics,Penguin,Groundbreaking graphic novel deconstructing the superhero genre. Set in an alternate 1985 where costumed vigilantes are outlawed. Time magazine's top 100 novels.,"comics,graphic novel,Alan Moore,superhero,classic",999,4.1
APD074,Wildcraft Laptop Sleeve 14 inch,Fashion,Accessories,Wildcraft,"Neoprene laptop sleeve with padded interior, zippered closure, and slim profile. Fits 14-inch laptops snugly.","sleeve,Wildcraft,laptop,neoprene,14 inch",899,4.0
APD075,An Era of Darkness by Shashi Tharoor,Books,Non-Fiction,Penguin,"A scathing examination of British colonialism in India, unpacking how imperial rule impoverished and destabilised the subcontinent.","non-fiction,history,colonialism,Tharoor,India",414,3.7
APD076,Puma Yoga Leggings Women,Sports,Yoga,Puma,"High-waist yoga leggings with four-way stretch, moisture-wicking DryCELL tech, flatlock seams, and hidden waistband pocket.","yoga,Puma,leggings,women,DryCELL",2086,4.5
APD077,Adidas Samba OG,Fashion,Footwear,Adidas,"Timeless indoor soccer shoe turned fashion icon. Suede T-toe overlay, gum rubber sole, and gold foil branding.","sneakers,adidas,Samba,retro,suede",10898,4.4
APD078,Samsung Galaxy Watch 6,Electronics,Smartwatches,Samsung,,"smartwatch,samsung,WearOS,health,sleep",26999,4.4
APD079,Puma Yoga Leggings Women,Sports,Yoga,Puma,,"yoga,Puma,leggings,women,DryCELL",2080,4.6
APD080,The 7 Habits of Highly Effective People,Books,Self-Help,HarperCollins,"Stephen Covey's seminal work on personal effectiveness, covering paradigm shifts, proactive habits, and principle-centred living.","self-help,habits,Covey,leadership,effectiveness",450,4.4
APD081,Realme Buds Air 5 Pro,Electronics,Headphones,Realme,"Premium TWS earbuds with 50 dB ANC, Hi-Res Audio, LDAC codec, 40-hour battery, and spatial audio support.","earbuds,realme,ANC,LDAC,Hi-Res",3878,4.0
APD082,Milton Stainless Steel Container Set,Home & Kitchen,Storage,Milton,"Set of 5 leak-proof stainless-steel containers with airtight lids, stackable design, and food-grade material. Perfect for storing spices, dal, and dry snacks.","storage,Milton,container,stainless steel,kitchen",999,4.3
APD083,Nike Dunk Low Retro,Fashion,Footwear,Nike,"Iconic basketball-turned-streetwear sneaker with leather upper, foam midsole, pivot-point traction pattern, and classic colour blocking.","sneakers,Nike,Dunk Low,retro,streetwear",9834,4.6
APD084,Train to Pakistan by Khushwant Singh,Books,Fiction,Penguin,Gripping partition-era novel set in a fictional village on the India–Pakistan border. A masterpiece of humanist fiction.,"fiction,partition,Indian,classic,Khushwant Singh",257,4.3
APD085,1984 by George Orwell,Books,Fiction,Penguin,"Dystopian masterpiece exploring totalitarianism, surveillance, and thought control. As relevant today as when it was first published in 1949.","fiction,dystopian,Orwell,classic,political",350,4.6
APD086,IKEA SAMLA Box with Lid 22L,Home & Kitchen,Storage,IKEA,"Transparent 22-litre storage box with snap-on lid, stackable, made from recycled plastic. Ideal for under-bed storage and seasonal wardrobe.","storage,IKEA,box,transparent,stackable",399,4.0
APD087,Nilkamal Freedom Wardrobe,Home & Kitchen,Furniture,Nilkamal,"Plastic two-door wardrobe with hanging space, shelves, mirror, and lock facility. Weather-proof and termite-proof — ideal for humid climates.","furniture,Nilkamal,wardrobe,plastic,weatherproof",12999,4.0
APD088,Pigeon Handy Chopper XL,Home & Kitchen,Appliances,Pigeon,"Manual pull-string chopper with 900 ml bowl, three stainless-steel blades, anti-skid base, and easy disassembly for cleaning. Chops onions and veggies in seconds.","appliance,Pigeon,chopper,manual,kitchen",399,4.0
APD089,India After Gandhi,Books,Non-Fiction,HarperCollins,"Ramachandra Guha's definitive history of independent India covering democracy, conflicts, development, and diversity. Essential reading for understanding modern India.","non-fiction,history,India,politics,Guha",799,4.5
APD090,Adidas Samba OG,Fashion,Footwear,Adidas,"Timeless indoor soccer shoe turned fashion icon. Suede T-toe overlay, gum rubber sole, and gold foil branding.","sneakers,adidas,Samba,retro,suede",11848,3.7
APD091,FabIndia Chanderi Silk Dupatta,Fashion,Women's Clothing,FabIndia,"Handwoven Chanderi silk dupatta with zari border, subtle checks pattern, and lightweight drape. An elegant accessory for ethnic ensembles.","dupatta,FabIndia,Chanderi,silk,ethnic",1899,4.4
APD092,Under Armour HOVR Phantom 3,Sports,Running,Under Armour,"Premium running shoe with UA HOVR cushioning, Intelliknit upper, reflective details, and connected footwear chip for real-time form coaching.","running,Under Armour,HOVR,premium,smart",12999,4.5
APD093, Wings of Fire by APJ Abdul Kalam ,Books,Non-Fiction,Rupa Publications,"Autobiography of India's Missile Man, tracing his journey from Rameswaram to becoming the nation's president. A must-read for aspiring scientists.","non-fiction,autobiography,Kalam,India,science",299,4.6
APD094,Dell XPS 13 Plus,Electronics,Laptops,Dell,"Ultra-premium ultrabook with 13th Gen Intel Core i7, 13.4-inch OLED touchscreen, 16 GB LPDDR5, edge-to-edge keyboard, and Windows 11 Pro.","laptop,Dell,XPS,ultrabook,OLED",129990,4.6
APD095,Yonex Voltric 200 Taufik,Sports,Badminton,Yonex,"Power-oriented racquet with Tri-Voltage System, isometric head shape, and head-heavy balance. Named after badminton legend Taufik Hidayat.","badminton,Yonex,Voltric,power,head heavy",6891,4.1
APD096,Peter England Polo T-Shirt,Fashion,Men's Clothing,Peter England,"Classic cotton polo with ribbed collar, two-button placket, and embroidered logo. Available in solid colours for everyday casual wear.","polo,Peter England,cotton,casual,men",899,4.0
APD097,Sony HT-S400 Soundbar,Electronics,Speakers,Sony,"2.1-channel soundbar with wireless subwoofer, S-Force PRO front surround, Bluetooth, HDMI ARC, and 330W total output.","soundbar,sony,2.1 channel,wireless sub,surround",17979,4.4
APD098,Sony HT-S400 Soundbar,Electronics,Speakers,Sony,"2.1-channel soundbar with wireless subwoofer, S-Force PRO front surround, Bluetooth, HDMI ARC, and 330W total output.","soundbar,sony,2.1 channel,wireless sub,surround",17059,4.3
APD099,Sony Alpha 6400,Electronics,Cameras,Sony,"24.2 MP APS-C mirrorless camera with real-time Eye AF, 4K video, 425 phase-detection AF points, ISO up to 102400, and a tilting touchscreen for vlogging.","camera,sony,mirrorless,4K,photography",74990,4.6
APD100,Decathlon Yoga Mat 5 mm,Sports,Yoga,Decathlon,"5 mm thick TPE yoga mat with alignment lines, non-slip surface on both sides, eco-friendly material, and carry strap. Suitable for Hatha and Vinyasa.","yoga,Decathlon,mat,TPE,eco-friendly",999,4.2
APD101,Nike Training Mat,Sports,Fitness Equipment,Nike,"6 mm thick exercise mat with textured non-slip surface, closed-cell foam for easy cleaning, and carry strap. Works for HIIT, stretching, and floor exercises.","fitness,Nike,mat,training,non-slip",2995,4.3
APD102,The Immortals of Meluha,Books,Non-Fiction,Westland,Amish Tripathi reimagines Lord Shiva as a tribal chief in this mythological fiction-meets-thriller set in 1900 BCE Meluha.,"fiction,mythology,Shiva,Amish Tripathi,Indian",251,3.6
APD103,JBL PartyBox 110,Electronics,Speakers,JBL,"160W party speaker with dynamic light show, bass boost, 12 hours of battery, IPX4 splash proof, and guitar/mic input.","speaker,JBL,party,160W,lights",24999,4.5
APD104,Allen Solly Sweatshirt,Fashion,Men's Clothing,Allen Solly,"Round-neck fleece sweatshirt with contrast paneling, ribbed cuffs, and relaxed fit. Perfect for winter layering.","sweatshirt,Allen Solly,fleece,winter,men",1775,4.8
APD105,JBL Flip 6,Electronics,Speakers,JBL,"Portable Bluetooth speaker with IP67 waterproof and dustproof rating, 12 hours of playtime, racetrack-shaped driver for powerful bass, and PartyBoost pairing.","speaker,JBL,portable,waterproof,bluetooth",9999,4.5
APD106,Apple iPad Air M2,Electronics,Tablets,Apple,"11-inch Liquid Retina display tablet with M2 chip, Apple Pencil Pro support, 128 GB storage, Wi-Fi 6E, and iPadOS 17. Ideal for digital art and productivity.",,59900,4.7
APD107,Fastrack Stunners Analog,Fashion,Watches,Fastrack,"Bold analog watch with gradient dial, silicone strap, 30 m water resistance, and a youthful design that stands out.","watch,Fastrack,analog,gradient,youth",1816,4.3
APD108,Fastrack Stunners Analog,Fashion,Watches,Fastrack,"Bold analog watch with gradient dial, silicone strap, 30 m water resistance, and a youthful design that stands out.","watch,Fastrack,analog,gradient,youth",2211,4.1
APD109,GoPro HERO12 Black,Electronics,Cameras,GoPro,"Action camera with 5.3K 60 fps video, HyperSmooth 6.0 stabilisation, waterproof to 10 m, HDR photo, and Bluetooth audio support.","camera,GoPro,action,5.3K,waterproof",41725,4.7
APD110,FabIndia Cotton Kurti Set,Fashion,Women's Clothing,FabIndia,,"kurti set,FabIndia,block print,artisan,women",2428,3.8
APD111,Samsung Galaxy Tab A9+,Electronics,Tablets,Samsung,"Affordable Samsung tablet with 11-inch TFT display, Snapdragon 695, quad speakers, expandable storage, and One UI 5.1.","tablet,samsung,budget,android,quad speakers",20170,4.2
APD112,Apple MacBook Pro 14 M3 Pro,Electronics,Laptops,Apple,"Pro-level MacBook with M3 Pro chip, 14.2-inch Liquid Retina XDR display, 18 GB unified memory, 18-hour battery, and ProMotion 120 Hz.","laptop,apple,macbook pro,M3 Pro,professional",174107,4.4
APD113,Decathlon Pull-Up Bar Doorway,Sports,Fitness Equipment,Decathlon,"Adjustable doorway pull-up bar fitting door frames 70–95 cm wide. Foam-padded grips, multi-grip positions, and no drilling required.","fitness,Decathlon,pull-up bar,doorway,upper body",1724,4.5
APD114,Under Armour Charged Assert 10,Sports,Running,Under Armour,"Lightweight neutral running shoe with Charged Cushioning midsole, breathable mesh upper, and solid rubber outsole for daily training.","running,Under Armour,Charged,neutral,daily",7773,3.6
APD115,Milton Thermosteel Flask 1L,Home & Kitchen,Storage,Milton,1-litre vacuum-insulated stainless-steel flask that keeps beverages hot for 24 hours and cold for 48. Leak-proof flip lid and durable body.,"storage,Milton,flask,thermosteel,insulated",984,4.6
APD116,Milton Thermosteel Flask 1L,Home & Kitchen,Storage,Milton,1-litre vacuum-insulated stainless-steel flask that keeps beverages hot for 24 hours and cold for 48. Leak-proof flip lid and durable body.,"storage,Milton,flask,thermosteel,insulated",1181,4.3
APD117,Realme 30W Dart Charge 10000 mAh,Electronics,Power Banks,Realme,"10000 mAh power bank with 30W Dart Charge, dual output, Type-C input/output, and slim aluminium body.","power bank,realme,30W,Dart Charge,compact",1499,4.2
APD118,Yonex Nanoray Light 18i,Sports,Badminton,Yonex,"Lightweight isometric badminton racquet weighing just 77 g, with built-in T-joint, Nanomesh + Carbon Nanotube frame, and head-light balance for fast swings.","badminton,Yonex,racquet,lightweight,Nanoray",2290,4.4
APD119,Sony WF-C700N,Electronics,Headphones,Sony,,"earbuds,sony,ANC,wireless,compact",7490,4.4
APD120,R.S. Aggarwal Quantitative Aptitude,Books,Academic,Rupa Publications,"Go-to book for competitive exam preparation covering arithmetic, algebra, geometry, and data interpretation with hundreds of solved examples.","academic,quantitative,competitive exams,aptitude,RS Aggarwal",575,4.6
APD121,Nivia Heavy Tennis Ball (Pack of 12),Sports,Cricket,Nivia,Pack of 12 heavy-weight tennis balls designed for cricket practice. Extra weight improves batting power. Bright yellow for visibility.,"cricket,Nivia,tennis ball,practice,heavy",549,4.1
APD122,R.S. Aggarwal Quantitative Aptitude,Books,Academic,Rupa Publications,"Go-to book for competitive exam preparation covering arithmetic, algebra, geometry, and data interpretation with hundreds of solved examples.","academic,quantitative,competitive exams,aptitude,RS Aggarwal",585,3.6
APD123,HomeTown Wall Clock Vintage,Home & Kitchen,Decor,HomeTown,"Vintage-style wall clock with Roman numerals, distressed wooden frame, and silent quartz movement. A statement piece for living rooms.","decor,HomeTown,clock,vintage,wall",1499,4.2
APD124,Wildcraft Unisex Backpack 35L,Fashion,Accessories,Wildcraft,"Durable 35-litre backpack with padded laptop compartment, rain cover, ergonomic straps, and multiple organiser pockets. Built for college and weekend treks.","backpack,Wildcraft,laptop,trekking,durable",2499,4.3
APD125,Peter England Nehru Jacket,Fashion,Men's Clothing,Peter England,"Structured Nehru jacket in cotton-linen blend with mandarin collar, front buttons, and welt pockets. Ideal for festive and semi-formal occasions.","jacket,Peter England,Nehru,festive,men",3829,4.4
APD126,Puma Yoga Leggings Women,Sports,Yoga,Puma,"High-waist yoga leggings with four-way stretch, moisture-wicking DryCELL tech, flatlock seams, and hidden waistband pocket.","yoga,Puma,leggings,women,DryCELL",2419,4.1
APD127,Adidas Advantage Sneakers,Fashion,Footwear,Adidas,"Clean court-style sneakers with leather upper, Cloudfoam comfort sockliner, and rubber cupsole. Versatile for casual and smart-casual outfits.","sneakers,adidas,court,Cloudfoam,casual",4299,4.1
APD128,Nike Pegasus 41,Sports,Running,Nike,"Trusted daily trainer with React foam, Zoom Air unit in the forefoot, Flywire cables for lockdown, and engineered mesh upper.","running,Nike,Pegasus,daily trainer,React",11495,4.5
APD129,R.S. Aggarwal Quantitative Aptitude,Books,Academic,Rupa Publications,"Go-to book for competitive exam preparation covering arithmetic, algebra, geometry, and data interpretation with hundreds of solved examples.","academic,quantitative,competitive exams,aptitude,RS Aggarwal",553,4.7
APD130,FabIndia Cotton Kurti Set,Fashion,Women's Clothing,FabIndia,Block-printed cotton kurti with matching pants and dupatta. Hand-finished details reflect India's artisan heritage. Comfortable all-day wear.,"kurti set,FabIndia,block print,artisan,women",2299,4.1
APD131,A Suitable Boy by Vikram Seth,Books,Fiction,Penguin,"One of the longest novels in the English language, set in post-independence India. Follows four families navigating love, politics, and society.","fiction,epic,Indian,family saga,classic",699,4.4
APD132,Nike Heritage Waist Bag,Fashion,Accessories,Nike,"Adjustable waist bag with zippered main compartment, front pocket, and reflective details. Lightweight hands-free carry for runs and festivals.","waist bag,Nike,heritage,compact,reflective",2234,4.6
APD133,FabIndia Terracotta Vase,Home & Kitchen,Decor,FabIndia,"Handcrafted terracotta vase with earthy glaze and organic form. Each piece is unique, celebrating traditional Indian pottery techniques.","decor,FabIndia,vase,terracotta,handcrafted",986,4.2
APD134,Fastrack Stunners Analog,Fashion,Watches,Fastrack,"Bold analog watch with gradient dial, silicone strap, 30 m water resistance, and a youthful design that stands out.","watch,Fastrack,analog,gradient,youth",2064,4.8
APD135,Tinkle Double Digest,Books,Comics,Scholastic,"Collection of fun stories featuring Suppandi, Shikari Shambu, and other beloved Tinkle characters. Entertaining and educational for young readers.","comics,Tinkle,children,Indian,humour",199,4.3
APD136,The White Tiger by Aravind Adiga,Books,Fiction,HarperCollins,"Booker Prize–winning novel narrated as a letter from an Indian entrepreneur to the Chinese Premier, exploring themes of class, corruption, and ambition in modern India.","fiction,Booker Prize,Indian author,novel",350,4.3
APD137,Decathlon Kalenji Run 100,Sports,Running,Decathlon,"Entry-level running shoe with cushioned EVA sole, breathable mesh upper, and durable rubber outsole. Designed for beginners running up to 10 km per week.","running,Decathlon,Kalenji,beginner,cushioned",1499,4.0
APD138,Decathlon Kettlebell 8 kg,Sports,Fitness Equipment,Decathlon,"Cast-iron kettlebell with flat base, wide handle, and enamel coating. Suitable for swings, goblet squats, and Turkish get-ups.","fitness,Decathlon,kettlebell,strength,cast iron",1599,4.1
APD139,Lenovo Legion 5 Pro,Electronics,Laptops,Lenovo,"Gaming powerhouse with AMD Ryzen 7 7745HX, NVIDIA RTX 4060, 16-inch 2.5K 165 Hz display, 16 GB DDR5, and Coldfront 4.0 thermals.","laptop,lenovo,gaming,RTX 4060,Legion",131108,4.5
APD140,IKEA LACK Side Table,Home & Kitchen,Furniture,IKEA,"Minimalist side table with square top, lightweight honeycomb construction, and available in black-brown, white, and oak finishes.","furniture,IKEA,side table,minimalist,lightweight",999,4.1
APD141,FabIndia Terracotta Vase,Home & Kitchen,Decor,FabIndia,"Handcrafted terracotta vase with earthy glaze and organic form. Each piece is unique, celebrating traditional Indian pottery techniques.","decor,FabIndia,vase,terracotta,handcrafted",991,4.2
APD142,Cosco Cricket Bat Kashmir Willow,Sports,Cricket,Cosco,"Full-size Kashmir willow bat with cane handle, treble spring, and traditional blade profile. Well-balanced for leather-ball cricket at club level.","cricket,Cosco,bat,Kashmir willow,leather ball",1599,4.2
APD143,Nikon Z50,Electronics,Cameras,Nikon,"20.9 MP DX-format mirrorless camera with 209-point hybrid AF, 4K UHD video, tilting touchscreen, and Bluetooth + Wi-Fi connectivity.","camera,nikon,mirrorless,4K,DX",69990,4.4
APD144,An Era of Darkness by Shashi Tharoor,Books,Non-Fiction,Penguin,"A scathing examination of British colonialism in India, unpacking how imperial rule impoverished and destabilised the subcontinent.","non-fiction,history,colonialism,Tharoor,India",454,4.7
APD145,GoPro HERO12 Black,Electronics,Cameras,GoPro,"Action camera with 5.3K 60 fps video, HyperSmooth 6.0 stabilisation, waterproof to 10 m, HDR photo, and Bluetooth audio support.","camera,GoPro,action,5.3K,waterproof",44980,4.3
APD146,Sony HT-S400 Soundbar,Electronics,Speakers,Sony,"2.1-channel soundbar with wireless subwoofer, S-Force PRO front surround, Bluetooth, HDMI ARC, and 330W total output.","soundbar,sony,2.1 channel,wireless sub,surround",15459,4.4
APD147,FabIndia Terracotta Vase,Home & Kitchen,Decor,FabIndia,"Handcrafted terracotta vase with earthy glaze and organic form. Each piece is unique, celebrating traditional Indian pottery techniques.","decor,FabIndia,vase,terracotta,handcrafted",849,4.6
APD148,Maus by Art Spiegelman,Books,Comics,Penguin,Pulitzer Prize–winning graphic novel depicting the Holocaust using animal metaphors. A groundbreaking work that elevated the comics medium to literary art.,"comics,graphic novel,Pulitzer,Holocaust,classic",799,4.7
APD149,Levi's 511 Slim Fit Jeans,Fashion,Men's Clothing,Levi's,"Classic slim-fit jeans crafted from premium stretch denim with a mid-rise waist, tapered leg, and signature leather patch. Versatile enough for casual Fridays and weekend outings.","jeans,Levi's,slim fit,denim,men",3299,4.4
APD150,Lenovo IdeaPad Slim 5,Electronics,Laptops,Lenovo,"Thin-and-light laptop with 13th Gen Intel Core i5, 16 GB RAM, 512 GB SSD, 14-inch 2.8K OLED display, Dolby Atmos speakers, and Windows 11. Excellent for productivity on the go.","laptop,lenovo,OLED,productivity,windows",64999,4.3
APD151,Samsung Galaxy Z Flip 5,Electronics,Smartphones,Samsung,"Compact foldable phone with Flex Window, Snapdragon 8 Gen 2, 6.7-inch inner AMOLED, IPX8 water resistance, and FlexCam selfies.","smartphone,samsung,foldable,Z Flip,compact",89107,4.1
APD152,Persepolis by Marjane Satrapi,Books,Comics,Penguin,"Autobiographical graphic novel depicting the author's childhood in Iran during the Islamic Revolution. Poignant, witty, and beautifully drawn.","comics,graphic novel,autobiography,Iran,classic",699,4.5
APD153,Lenovo Legion 5 Pro,Electronics,Laptops,Lenovo,"Gaming powerhouse with AMD Ryzen 7 7745HX, NVIDIA RTX 4060, 16-inch 2.5K 165 Hz display, 16 GB DDR5, and Coldfront 4.0 thermals.",,129002,3.8
APD154,Becoming by Michelle Obama,Books,Non-Fiction,Penguin,Intimate memoir of the former First Lady covering her journey from Chicago's South Side to the White House. Inspiring and deeply personal.,"non-fiction,memoir,Michelle Obama,inspiring,bestseller",599,4.5
APD155,boAt Energyshroom PB300,Electronics,Power Banks,boAt,"10000 mAh compact power bank with 22.5W fast output, Type-C PD, smart IC protection, and a textured finish.","power bank,boAt,10000mAh,22.5W,compact",1086,3.8
APD156,Decathlon Run Active Grip,Sports,Running,Decathlon,"Trail-ready running shoe with aggressive outsole lugs, protective toe cap, cushioned midsole, and water-repellent upper.","running,Decathlon,trail,grip,water repellent",2499,4.1
APD157,Samsung Galaxy Tab S9 FE,Electronics,Tablets,Samsung,"10.9-inch TFT display, Exynos 1380, S Pen included, IP68 water resistance, 8000 mAh battery, and One UI 5.1. Affordable Samsung tablet for note-taking.","tablet,samsung,S Pen,affordable,android",34999,4.3
APD158,Bajaj Mixer Grinder 750W,Home & Kitchen,Appliances,Bajaj,"750-watt mixer grinder with three stainless-steel jars, multi-functional blade system, overload protection, and 3-speed control. Handles chutneys, smoothies, and dry grinding.","appliance,Bajaj,mixer grinder,750W,kitchen",3499,4.1
APD159,Decathlon 10 kg Dumbbell Set,Sports,Fitness Equipment,Decathlon,"Adjustable 10 kg cast-iron dumbbell set with threaded bars, spin-lock collars, and rubber grip. Suitable for home strength-training routines.","fitness,Decathlon,dumbbell,strength,home gym",2499,4.2
APD160,OnePlus 12R,Electronics,Smartphones,OnePlus,"Flagship-killer with Snapdragon 8 Gen 2, 6.78-inch ProXDR display, 100W charging, 5500 mAh battery, and OxygenOS 14.","smartphone,OnePlus,flagship,Snapdragon,AMOLED",39999,4.5
APD161,The God of Small Things,Books,Fiction,Penguin,"Arundhati Roy's debut novel set in Kerala, a poignant story of forbidden love, caste, and family. Winner of the 1997 Man Booker Prize.","fiction,Booker Prize,Indian literature,classic",399,4.5
APD162,Lenovo Legion 5 Pro,Electronics,Laptops,Lenovo,"Gaming powerhouse with AMD Ryzen 7 7745HX, NVIDIA RTX 4060, 16-inch 2.5K 165 Hz display, 16 GB DDR5, and Coldfront 4.0 thermals.","laptop,lenovo,gaming,RTX 4060,Legion",133823,4.3
APD163,NCERT Mathematics Class 12,Books,Academic,Scholastic,"Standard NCERT textbook covering calculus, vectors, probability, linear programming, and 3D geometry. Essential for CBSE Class 12 board exams and competitive entrance tests.","academic,NCERT,mathematics,Class 12,CBSE",299,4.6
APD164,R.D. Sharma Mathematics Class 11,Books,Academic,Rupa Publications,,"academic,mathematics,JEE,reference,Class 11",699,4.3
APD165,Fastrack Stunners Analog,Fashion,Watches,Fastrack,"Bold analog watch with gradient dial, silicone strap, 30 m water resistance, and a youthful design that stands out.","watch,Fastrack,analog,gradient,youth",1852,3.8
APD166,SG Ezeepak Cricket Kit Bag,Sports,Cricket,SG,"Spacious cricket kit bag with separate bat compartment, shoe pocket, ventilated side panels, and heavy-duty wheels for easy transport to the ground.","cricket,SG,kit bag,wheels,durable",2999,4.3
APD167,Allen Solly Formal Trousers,Fashion,Men's Clothing,Allen Solly,"Slim-fit formal trousers in poly-viscose blend with flat front, hook-and-eye closure, and crease-resistant fabric.","trousers,Allen Solly,formal,slim fit,men",1799,4.2
APD168,Noise ColorFit Pulse 3,Electronics,Smartwatches,Noise,"Budget smartwatch with 1.96-inch TFT display, Bluetooth calling, 100+ sports modes, and productivity suite including calculator and voice assistant.","smartwatch,noise,budget,calling,sports",1642,4.0
APD169,"Thinking, Fast and Slow",Books,Non-Fiction,Penguin,"Nobel laureate Daniel Kahneman explores two systems of thinking — the fast, intuitive mind and the slow, deliberate mind — revealing cognitive biases that shape decisions.","non-fiction,psychology,cognitive science,Nobel,decision making",549,4.5
APD170,Realme GT 6T,Electronics,Smartphones,Realme,,"smartphone,realme,performance,LTPO,5G",26159,3.6
APD171,Under Armour Charged Assert 10,Sports,Running,Under Armour,"Lightweight neutral running shoe with Charged Cushioning midsole, breathable mesh upper, and solid rubber outsole for daily training.","running,Under Armour,Charged,neutral,daily",6321,3.6
APD172,Nike Yoga Strap,Sports,Yoga,Nike,,"yoga,Nike,strap,flexibility,cotton",595,4.0
APD173,Nike Heritage Waist Bag,Fashion,Accessories,Nike,"Adjustable waist bag with zippered main compartment, front pocket, and reflective details. Lightweight hands-free carry for runs and festivals.","waist bag,Nike,heritage,compact,reflective",1725,3.6
APD174,Puma Softride Enzo Evo,Fashion,Footwear,Puma,"Versatile sneakers with SoftRide foam, mesh upper, lace closure, and rubber outsole. Suitable for gym workouts and casual strolls alike.","sneakers,puma,SoftRide,gym,casual",4999,4.2
APD175,R.S. Aggarwal Quantitative Aptitude,Books,Academic,Rupa Publications,"Go-to book for competitive exam preparation covering arithmetic, algebra, geometry, and data interpretation with hundreds of solved examples.","academic,quantitative,competitive exams,aptitude,RS Aggarwal",660,3.6
APD176,Sony HT-S400 Soundbar,Electronics,Speakers,Sony,"2.1-channel soundbar with wireless subwoofer, S-Force PRO front surround, Bluetooth, HDMI ARC, and 330W total output.","soundbar,sony,2.1 channel,wireless sub,surround",17177,4.4
APD177,Interpreter of Maladies,Books,Fiction,HarperCollins,Jhumpa Lahiri's Pulitzer Prize–winning short-story collection exploring the Indian immigrant experience in America with lyrical prose.,"fiction,short stories,Jhumpa Lahiri,Pulitzer,Indian",337,3.9
APD178,Decathlon Pull-Up Bar Doorway,Sports,Fitness Equipment,Decathlon,"Adjustable doorway pull-up bar fitting door frames 70–95 cm wide. Foam-padded grips, multi-grip positions, and no drilling required.","fitness,Decathlon,pull-up bar,doorway,upper body",1484,4.3
APD179,Nilkamal Plastic Chair CHR 2180,Home & Kitchen,Furniture,Nilkamal,"Stackable moulded plastic chair with armrests, UV-stabilised material, and 150 kg load capacity. Affordable seating for events and home use.","furniture,Nilkamal,chair,stackable,UV stabilised",966,4.4
APD180,Nivia Cricket Helmet,Sports,Cricket,Nivia,"Mild-steel grill cricket helmet with high-impact ABS shell, adjustable chinstrap, sweat-absorbent inner padding, and ventilation slots.","cricket,Nivia,helmet,protection,ABS",2220,3.6
APD181,Apple MacBook Air M3,Electronics,Laptops,Apple,"Ultra-thin notebook powered by Apple M3 chip, 15.3-inch Liquid Retina display, 18 hours of battery life, 8 GB unified memory, fanless design, and macOS Sonoma. Perfect for students and creative professionals.","laptop,apple,macbook,M3,ultrabook,portable",134900,4.8
APD182,HP Victus 15 Gaming,Electronics,Laptops,HP,"Gaming laptop with 13th Gen Intel i5, NVIDIA RTX 4050, 15.6-inch 144 Hz display, 512 GB SSD, and dual-fan cooling for intensive gaming sessions.","laptop,HP,gaming,RTX 4050,144Hz",62990,4.2
APD183,Titan Octane Chronograph,Fashion,Watches,Titan,"Stainless steel chronograph watch with tachymeter bezel, mineral glass, date display, and 50 m water resistance. A bold statement piece for men.","watch,Titan,chronograph,stainless steel,men",8495,4.4
APD184,GoPro HERO12 Black,Electronics,Cameras,GoPro,"Action camera with 5.3K 60 fps video, HyperSmooth 6.0 stabilisation, waterproof to 10 m, HDR photo, and Bluetooth audio support.","camera,GoPro,action,5.3K,waterproof",40084,4.4
APD185,Atomic Habits by James Clear,Books,Self-Help,Penguin,A practical guide on building good habits and breaking bad ones using the Four Laws of Behaviour Change. Packed with evidence-based strategies and real-world examples that make lasting change achievable.,"self-help,habits,productivity,bestseller,James Clear",399,4.7
APD186,Allen Solly Sweatshirt,Fashion,Men's Clothing,Allen Solly,"Round-neck fleece sweatshirt with contrast paneling, ribbed cuffs, and relaxed fit. Perfect for winter layering.","sweatshirt,Allen Solly,fleece,winter,men",2186,4.3
APD187,Apple iPhone 16 Pro Max,Electronics,Smartphones,Apple,"Top-of-the-line iPhone with A18 Pro chip, 48 MP periscope telephoto lens, titanium body, USB-C Thunderbolt, and all-day battery life.","smartphone,apple,iPhone 16,Pro Max,titanium",148647,3.5
APD188,Mindset by Carol Dweck,Books,Self-Help,Penguin,Stanford psychologist Carol Dweck explains the power of believing that your abilities can grow — the 'growth mindset' framework used by educators worldwide.,"self-help,mindset,growth,Carol Dweck,psychology",417,4.7
APD189,Puma Electrify Nitro 3,Sports,Running,Puma,"Eco-friendly running shoe made with at least 20% recycled materials. NITRO foam for energy return, lightweight mesh, and PUMAGRIP outsole.","running,Puma,Nitro,eco-friendly,recycled",8762,3.6
APD190,SG Test White Cricket Ball,Sports,Cricket,SG,"Hand-stitched four-piece leather ball, 156 g, approved for club-level matches. Maintains seam and shape through long innings. Alum-tanned for durability.","cricket,SG,ball,leather,test match",899,4.4
APD191,Sony SRS-XB100,Electronics,Speakers,Sony,"Ultra-portable wireless speaker with IP67 protection, 16-hour battery, hands-free calling, Sound Diffusion Processor, and strap for easy carrying.","speaker,sony,portable,compact,waterproof",3990,4.2
APD192,Fastrack Stunners Analog,Fashion,Watches,Fastrack,"Bold analog watch with gradient dial, silicone strap, 30 m water resistance, and a youthful design that stands out.","watch,Fastrack,analog,gradient,youth",1958,4.4
APD193,Deep Work by Cal Newport,Books,Self-Help,HarperCollins,"Rules for focused success in a distracted world. Cal Newport argues that deep, concentrated work is the superpower of the knowledge economy.","self-help,productivity,focus,work,Cal Newport",350,4.5
APD194,Mindset by Carol Dweck,Books,Self-Help,Penguin,Stanford psychologist Carol Dweck explains the power of believing that your abilities can grow — the 'growth mindset' framework used by educators worldwide.,"self-help,mindset,growth,Carol Dweck,psychology",447,3.6
APD195,Realme Watch S2,Electronics,Smartwatches,Realme,"Stylish round-dial smartwatch with 1.43-inch AMOLED, stainless-steel bezel, 100+ watch faces, SpO2, and 14-day battery life.",,3120,4.1
APD196, SS Ton English Willow Bat ,Sports,Cricket,SS,"Premium English willow bat with thick edges, mid-low sweet spot, Sarawak cane handle, and SS branding. Designed for aggressive stroke play.","cricket,SS,bat,English willow,premium",12999,4.5
APD197,Train to Pakistan by Khushwant Singh,Books,Fiction,Penguin,,"fiction,partition,Indian,classic,Khushwant Singh",207,4.5
APD198,Yonex Mavis 350 Shuttlecocks (Pack of 6),Sports,Badminton,Yonex,"Nylon shuttlecocks designed for consistent flight and durability. Medium speed, suitable for recreational and club-level play. 6 pieces per tube.","badminton,Yonex,shuttlecock,nylon,durable",699,4.3
APD199,IKEA FEJKA Artificial Plant,Home & Kitchen,Decor,IKEA,"Lifelike artificial potted plant that requires zero maintenance, ideal for shelves and desks. Adds greenery to any room without the need for sunlight or water.","decor,IKEA,plant,artificial,low maintenance",499,4.0
APD200, Lenovo ThinkPad E14 Gen 5 ,Electronics,Laptops,Lenovo,"Business laptop with military-grade durability, 13th Gen Intel Core i7 processor, 16 GB DDR5 RAM, 512 GB SSD, fingerprint reader, and a spill-resistant keyboard.",,76999,4.5
APD201, FabIndia Kurta Set ,Fashion,Men's Clothing,FabIndia,"Hand-block printed cotton kurta paired with matching pyjama. Breathable fabric with ethnic motifs, perfect for festive occasions and family gatherings.","kurta,FabIndia,ethnic,cotton,festive",2499,4.3
APD202,boAt Lunar Oasis,Electronics,Smartwatches,boAt,"Round-dial smartwatch with 1.39-inch AMOLED, Bluetooth calling, 100+ watch faces, heart-rate and SpO2 tracking, and 7-day battery.","smartwatch,boAt,AMOLED,calling,budget",2999,4.0
APD203,Samsung Galaxy Tab A9+,Electronics,Tablets,Samsung,"Affordable Samsung tablet with 11-inch TFT display, Snapdragon 695, quad speakers, expandable storage, and One UI 5.1.","tablet,samsung,budget,android,quad speakers",19557,4.2
APD204,Bajaj 1200W Dry Iron,Home & Kitchen,Appliances,Bajaj,"Lightweight dry iron with non-stick soleplate, adjustable temperature knob, LED indicator, and 1.8 m cord. Quick heating in under 2 minutes.","appliance,Bajaj,iron,dry,non-stick",770,4.7
APD205,Nike Fundamental Speed Rope,Sports,Fitness Equipment,Nike,"Lightweight speed rope with foam grip handles, adjustable cable length, and ball-bearing swivel for smooth rotation during cardio and HIIT sessions.","fitness,Nike,speed rope,cardio,HIIT",995,4.0
APD206,Li-Ning Windstorm 78 S,Sports,Badminton,Li-Ning,"Ultra-light 78 g racquet with slim shaft, aerodynamic frame, and Dynamic Optimum Frame design. Ideal for defensive players and doubles specialists.","badminton,Li-Ning,racquet,ultralight,defensive",3499,4.2
APD207,Dell Inspiron 15,Electronics,Laptops,Dell,"Reliable everyday laptop with 12th Gen Intel Core i5, 8 GB RAM, 1 TB HDD + 256 GB SSD combo, anti-glare FHD screen, and a comfortable keyboard. Suited for office work and web browsing.","laptop,dell,budget,office,Windows",49990,4.0
APD208,Pigeon Non-Stick Fry Pan,Home & Kitchen,Cookware,Pigeon,"26 cm non-stick fry pan with aluminium body, Bakelite handle, and scratch-resistant coating. Everyday essential for quick meals.","cookware,Pigeon,fry pan,non-stick,aluminium",699,4.0
APD209,Nike Air Max 270,Fashion,Footwear,Nike,"Lifestyle sneakers featuring the tallest Air unit yet for exceptional cushioning, mesh upper for breathability, pull-tab heel, and a bold colour-blocked design inspired by the AM180 and AM93.","sneakers,Nike,Air Max,cushioning,lifestyle",12995,4.5
APD210,Prestige Non-Stick Dosa Tawa,Home & Kitchen,Cookware,Prestige,"Large flat tawa with non-stick coating, cool-touch handle, and even heat distribution. Makes crispy dosas and uttapams effortlessly.","cookware,Prestige,dosa tawa,non-stick,even heat",1212,3.6
APD211,Noise ColorFit Pro 5,Electronics,Smartwatches,Noise,"1.85-inch AMOLED smartwatch with Bluetooth calling, 100+ sports modes, heart-rate and SpO2 monitoring, and 7-day battery life. Stylish health companion.","smartwatch,noise,AMOLED,fitness,calling",3999,4.1
APD212,Samsung Battery Pack 10000 mAh,Electronics,Power Banks,Samsung,"Slim 10000 mAh power bank with 25W Super Fast Charging, USB-C in/out, LED indicator, and cable included. Fits easily in any pocket.","power bank,samsung,10000mAh,slim,fast charging",2499,4.4
APD213,Xiaomi 14 Pro,Electronics,Smartphones,Xiaomi,,,49999,4.5
APD214,HomeTown Eva Fabric Sofa 3-Seater,Home & Kitchen,Furniture,HomeTown,"3-seater fabric sofa with high-density foam cushions, solid wood frame, tufted back, and tapered wooden legs. Comfortable modern design.","furniture,HomeTown,sofa,3 seater,fabric",24999,4.0
APD215,Noise Buds VS104,Electronics,Headphones,Noise,"Ultra-affordable TWS earbuds with 11 mm drivers, InPods design, Bluetooth 5.2, 18-hour total playback, and Tru Bass technology.",,554,3.8
APD216,Milton Thermosteel Flask 1L,Home & Kitchen,Storage,Milton,1-litre vacuum-insulated stainless-steel flask that keeps beverages hot for 24 hours and cold for 48. Leak-proof flip lid and durable body.,,1115,4.7
APD217, Biba Embroidered Palazzo Set ,Fashion,Women's Clothing,Biba,"Three-piece set including embroidered kurta, palazzo pants, and sheer dupatta. Festive colours and intricate thread work.","palazzo set,Biba,embroidered,festive,women",2947,4.7
APD218,boAt Aavante Bar 1250D,Electronics,Speakers,boAt,"80W Dolby Audio soundbar with wireless subwoofer, 2.1 channel, multiple connectivity options, and Bluetooth 5.3.","soundbar,boAt,Dolby,2.1 channel,wireless sub",5999,4.1
APD219,Under Armour Project Rock Duffel,Sports,Fitness Equipment,Under Armour,"Large gym duffel bag with laundry compartment, abrasion-resistant base, internal organiser, and adjustable shoulder strap. The Rock approved.","fitness,Under Armour,duffel,gym bag,Project Rock",5652,4.0
APD220,Milton Thermosteel Flask 1L,Home & Kitchen,Storage,Milton,1-litre vacuum-insulated stainless-steel flask that keeps beverages hot for 24 hours and cold for 48. Leak-proof flip lid and durable body.,"storage,Milton,flask,thermosteel,insulated",828,4.3
APD221,Yonex Voltric 200 Taufik,Sports,Badminton,Yonex,"Power-oriented racquet with Tri-Voltage System, isometric head shape, and head-heavy balance. Named after badminton legend Taufik Hidayat.","badminton,Yonex,Voltric,power,head heavy",6822,4.7
APD222,GoPro HERO12 Black,Electronics,Cameras,GoPro,"Action camera with 5.3K 60 fps video, HyperSmooth 6.0 stabilisation, waterproof to 10 m, HDR photo, and Bluetooth audio support.","camera,GoPro,action,5.3K,waterproof",40757,3.8
APD223,Levi's Trucker Jacket,Fashion,Men's Clothing,Levi's,"Iconic denim trucker jacket with chest pockets, adjustable button cuffs, and the classic Levi's red tab. A wardrobe staple for layering.","jacket,Levi's,denim,trucker,men",4999,4.5
APD224,Nike Heritage Waist Bag,Fashion,Accessories,Nike,"Adjustable waist bag with zippered main compartment, front pocket, and reflective details. Lightweight hands-free carry for runs and festivals.","waist bag,Nike,heritage,compact,reflective",2358,4.5
APD225,Under Armour Resistance Band Set,Sports,Fitness Equipment,Under Armour,"Set of 5 resistance bands in varying tension levels, latex-free, with door anchor and carry bag. Great for rehab and travel workouts.","fitness,Under Armour,resistance band,portable,rehab",1299,4.1
APD226,Samsung Galaxy S24 Ultra,Electronics,Smartphones,Samsung,"Flagship smartphone featuring a 6.8-inch Dynamic AMOLED 2X display, 200 MP quad-camera system, Snapdragon 8 Gen 3 processor, 5000 mAh battery with 45W fast charging, and built-in S Pen for effortless note-taking and creative expression.","smartphone,flagship,samsung,5G,camera,S Pen",134999,4.7
APD227,boAt Rockerz 450,Electronics,Headphones,boAt,"Wireless Bluetooth headphones with 40 mm dynamic drivers, up to 15 hours of playback, padded ear cushions, and a foldable design. Perfect for commutes and casual listening.","headphones,boAt,wireless,bluetooth,budget",1299,4.1
APD228, Hawkins Futura Kadhai ,Home & Kitchen,Cookware,Hawkins,"Hard-anodised deep kadhai with stainless steel lid, 2.5 litre capacity, even heat distribution, and sturdy handle. Perfect for deep-frying and curries.","cookware,Hawkins,kadhai,hard anodised,deep fry",1899,4.3
APD229,Puma Yoga Leggings Women,Sports,Yoga,Puma,"High-waist yoga leggings with four-way stretch, moisture-wicking DryCELL tech, flatlock seams, and hidden waistband pocket.","yoga,Puma,leggings,women,DryCELL",2092,4.5
APD230, boAt Nirvana 751 ANC ,Electronics,Headphones,boAt,"Hybrid ANC headphones with 65 mm drivers, ASAP charge, dual EQ modes, foldable build, and Bluetooth 5.0.","headphones,boAt,ANC,foldable,bass",2999,4.0
APD231,Under Armour Charged Assert 10,Sports,Running,Under Armour,"Lightweight neutral running shoe with Charged Cushioning midsole, breathable mesh upper, and solid rubber outsole for daily training.","running,Under Armour,Charged,neutral,daily",7670,3.6
APD232, Canon EOS R50 ,Electronics,Cameras,Canon,"Beginner-friendly mirrorless camera with 24.2 MP sensor, Dual Pixel CMOS AF II, 4K 30 fps video, creative filters, and Bluetooth + Wi-Fi connectivity.","camera,canon,mirrorless,beginner,vlogging",62990,4.3
APD233,JBL Tune 760NC,Electronics,Headphones,JBL,"Over-ear headphones with Active Noise Cancelling, JBL Pure Bass sound, 50-hour battery, lightweight design, and hands-free calls via built-in mic.","headphones,JBL,ANC,wireless,bass",4499,4.3
APD234,Noise Buds VS104,Electronics,Headphones,Noise,"Ultra-affordable TWS earbuds with 11 mm drivers, InPods design, Bluetooth 5.2, 18-hour total playback, and Tru Bass technology.","earbuds,Noise,TWS,budget,Tru Bass",696,4.0
APD235,Prestige Non-Stick Dosa Tawa,Home & Kitchen,Cookware,Prestige,"Large flat tawa with non-stick coating, cool-touch handle, and even heat distribution. Makes crispy dosas and uttapams effortlessly.","cookware,Prestige,dosa tawa,non-stick,even heat",881,4.2
APD236,Watchmen by Alan Moore,Books,Comics,Penguin,Groundbreaking graphic novel deconstructing the superhero genre. Set in an alternate 1985 where costumed vigilantes are outlawed. Time magazine's top 100 novels.,"comics,graphic novel,Alan Moore,superhero,classic",838,4.0
APD237,Amar Chitra Katha: Mahabharata,Books,Comics,Scholastic,Illustrated comic retelling the epic Mahabharata in a format that has captivated generations of Indian children. Rich artwork and simplified storytelling.,"comics,mythology,Mahabharata,children,illustrated",499,4.5
APD238,SG Savage Edition Cricket Bat,Sports,Cricket,SG,"Kashmir willow bat with concaved back profile for lightweight pick-up, treble spring handle, and SG branding. Tournament-ready.","cricket,SG,bat,Kashmir willow,concave",4385,3.6
APD239,Shantaram by Gregory David Roberts,Books,Fiction,Westland,"Epic novel based on the true story of an Australian fugitive who finds refuge in Bombay's underworld. Vivid, sprawling, and deeply human.",,499,4.2
APD240,Puma Electrify Nitro 3,Sports,Running,Puma,"Eco-friendly running shoe made with at least 20% recycled materials. NITRO foam for energy return, lightweight mesh, and PUMAGRIP outsole.","running,Puma,Nitro,eco-friendly,recycled",8492,3.6
APD241,Noise ColorFit Pulse 3,Electronics,Smartwatches,Noise,"Budget smartwatch with 1.96-inch TFT display, Bluetooth calling, 100+ sports modes, and productivity suite including calculator and voice assistant.","smartwatch,noise,budget,calling,sports",2493,4.2
APD242,Noise ColorFit Pulse 3,Electronics,Smartwatches,Noise,"Budget smartwatch with 1.96-inch TFT display, Bluetooth calling, 100+ sports modes, and productivity suite including calculator and voice assistant.","smartwatch,noise,budget,calling,sports",1931,3.5
APD243,Watchmen by Alan Moore,Books,Comics,Penguin,Groundbreaking graphic novel deconstructing the superhero genre. Set in an alternate 1985 where costumed vigilantes are outlawed. Time magazine's top 100 novels.,"comics,graphic novel,Alan Moore,superhero,classic",887,4.3
APD244, Sacred Games by Vikram Chandra ,Books,Fiction,Penguin,"A sprawling crime thriller set in Mumbai following a police inspector and a gangster. Rich in detail and atmosphere, adapted into a Netflix series.","fiction,thriller,crime,Mumbai,novel",599,4.3
APD245,Decathlon Treadmill Run 100,Sports,Fitness Equipment,Decathlon,"Foldable home treadmill with 12 km/h max speed, 36 cm running width, LCD console showing speed, distance, and calories. Compact design fits small apartments.",,27999,4.0
APD246,Yonex Voltric 200 Taufik,Sports,Badminton,Yonex,"Power-oriented racquet with Tri-Voltage System, isometric head shape, and head-heavy balance. Named after badminton legend Taufik Hidayat.","badminton,Yonex,Voltric,power,head heavy",5432,4.5
APD247,The Subtle Art of Not Giving a F*ck,Books,Self-Help,HarperCollins,Mark Manson's counterintuitive approach to living a good life by choosing what to care about and embracing limitations. Refreshingly honest.,"self-help,Manson,counterintuitive,values,bestseller",316,4.7
APD248, Philips Juicer Mixer Grinder HL7579 ,Home & Kitchen,Appliances,Philips,"600W juicer mixer grinder with 3 jars, dedicated juicing attachment, and leak-proof design. From fruit juices to masala grinding — one appliance does it all.","appliance,Philips,juicer,mixer grinder,multipurpose",4993,3.8
APD249,Philips Air Fryer HD9200,Home & Kitchen,Appliances,Philips,"Compact air fryer with Rapid Air technology, 4.1-litre capacity, 1400W power, touch panel, and dishwasher-safe basket. Enjoy crispy food with up to 90% less fat.","appliance,Philips,air fryer,healthy cooking,Rapid Air",7999,4.4
APD250,Prestige Svachh Clip-on 3L,Home & Kitchen,Cookware,Prestige,"Innovative stainless-steel pressure cooker with spillage control lid, clip-on system, and deep-lid design that collects residue. Keeps your kitchen clean.","cookware,Prestige,pressure cooker,stainless steel,Svachh",2599,4.5
APD251,Adidas Ultraboost Light,Fashion,Footwear,Adidas,"Premium running shoes with BOOST midsole, Primeknit+ upper, Continental rubber outsole, and a sock-like fit. Engineered for long-distance comfort.","running shoes,adidas,Ultraboost,BOOST,comfort",14999,4.6
APD252,Philips Induction Cooktop Viva,Home & Kitchen,Appliances,Philips,"2100W induction cooktop with crystal glass plate, sensor touch panel, auto-off function, and preset menus for Indian cooking.","appliance,Philips,induction,cooktop,sensor touch",3499,4.3
APD253,Realme Watch S2,Electronics,Smartwatches,Realme,"Stylish round-dial smartwatch with 1.43-inch AMOLED, stainless-steel bezel, 100+ watch faces, SpO2, and 14-day battery life.","smartwatch,realme,AMOLED,round dial,SpO2",3198,4.3
APD254,Xiaomi Power Bank 3i 20000 mAh,Electronics,Power Banks,Xiaomi,"20000 mAh capacity with 18W fast charging, triple output ports, USB-C input, and a sleek matte finish. Charges an average phone more than four times.","power bank,xiaomi,20000mAh,fast charging,portable",1599,4.3
APD255,Interpreter of Maladies,Books,Fiction,HarperCollins,Jhumpa Lahiri's Pulitzer Prize–winning short-story collection exploring the Indian immigrant experience in America with lyrical prose.,"fiction,short stories,Jhumpa Lahiri,Pulitzer,Indian",295,4.2
APD256,Introduction to Algorithms (CLRS),Books,Academic,Penguin,"The definitive textbook on algorithms used in top computer science programs worldwide. Covers sorting, graph algorithms, dynamic programming, and complexity theory.","academic,algorithms,computer science,textbook",1299,4.7
APD257,Samsung Galaxy Z Flip 5,Electronics,Smartphones,Samsung,"Compact foldable phone with Flex Window, Snapdragon 8 Gen 2, 6.7-inch inner AMOLED, IPX8 water resistance, and FlexCam selfies.","smartphone,samsung,foldable,Z Flip,compact",83223,3.6
APD258,Pigeon Pressure Cooker 5L,Home & Kitchen,Cookware,Pigeon,"5-litre aluminium pressure cooker with outer lid, gasket release system, and ISI safety certification. Durable and easy to clean, great for daily Indian cooking.","cookware,Pigeon,pressure cooker,5 litre,aluminium",1399,4.2
APD259,The Psychology of Money,Books,Non-Fiction,HarperCollins,"Morgan Housel explores the strange ways people think about money through 19 short stories. Covers behavioural finance, wealth building, and the role of luck and risk in financial decisions.","non-fiction,finance,psychology,money,bestseller",399,4.6
APD260,Nike Dunk Low Retro,Fashion,Footwear,Nike,"Iconic basketball-turned-streetwear sneaker with leather upper, foam midsole, pivot-point traction pattern, and classic colour blocking.","sneakers,Nike,Dunk Low,retro,streetwear",9077,4.7
APD261,Sony HT-S400 Soundbar,Electronics,Speakers,Sony,"2.1-channel soundbar with wireless subwoofer, S-Force PRO front surround, Bluetooth, HDMI ARC, and 330W total output.","soundbar,sony,2.1 channel,wireless sub,surround",15298,4.1
APD262,Decathlon Cork Yoga Block,Sports,Yoga,Decathlon,"Natural cork yoga block with rounded edges, firm yet comfortable surface, and eco-friendly material. Offers superior grip over foam blocks.","yoga,Decathlon,cork block,eco-friendly,grip",499,4.3
APD263,Nike Dunk Low Retro,Fashion,Footwear,Nike,"Iconic basketball-turned-streetwear sneaker with leather upper, foam midsole, pivot-point traction pattern, and classic colour blocking.","sneakers,Nike,Dunk Low,retro,streetwear",10553,3.5
APD264,FabIndia Brass Diya Set,Home & Kitchen,Decor,FabIndia,"Set of 4 handcrafted brass diyas with traditional design, perfect for Diwali, puja ceremonies, and festive home decoration.","decor,FabIndia,diya,brass,festive",899,4.4
APD265,HomeTown Canvas Wall Art Set,Home & Kitchen,Decor,HomeTown,Set of 3 abstract canvas prints with wooden frames. Ready to hang — instantly transforms a plain wall into a gallery.,"decor,HomeTown,wall art,canvas,abstract",1999,4.1
APD266,Samsung Galaxy Tab A9+,Electronics,Tablets,Samsung,"Affordable Samsung tablet with 11-inch TFT display, Snapdragon 695, quad speakers, expandable storage, and One UI 5.1.","tablet,samsung,budget,android,quad speakers",20186,4.4
APD267,Titan Raga Women's Watch,Fashion,Watches,Titan,"Elegant women's analog watch with mother-of-pearl dial, Swarovski crystals, and rose-gold-toned bracelet. A graceful everyday accessory.","watch,Titan,Raga,women,elegant",5995,4.3
APD268,W Printed Palazzo Pants,Fashion,Women's Clothing,W,"Lightweight palazzo pants with geometric print, elasticated waistband, and wide-leg silhouette. Cool and comfortable for Indian summers.","palazzo,W,printed,comfortable,women",1199,4.1
APD269,Nilkamal Plastic Chair CHR 2180,Home & Kitchen,Furniture,Nilkamal,"Stackable moulded plastic chair with armrests, UV-stabilised material, and 150 kg load capacity. Affordable seating for events and home use.","furniture,Nilkamal,chair,stackable,UV stabilised",1092,3.6
APD270,Nike Heritage Waist Bag,Fashion,Accessories,Nike,"Adjustable waist bag with zippered main compartment, front pocket, and reflective details. Lightweight hands-free carry for runs and festivals.","waist bag,Nike,heritage,compact,reflective",2364,3.8
APD271,Interpreter of Maladies,Books,Fiction,HarperCollins,Jhumpa Lahiri's Pulitzer Prize–winning short-story collection exploring the Indian immigrant experience in America with lyrical prose.,"fiction,short stories,Jhumpa Lahiri,Pulitzer,Indian",304,4.6
APD272,Watchmen by Alan Moore,Books,Comics,Penguin,Groundbreaking graphic novel deconstructing the superhero genre. Set in an alternate 1985 where costumed vigilantes are outlawed. Time magazine's top 100 novels.,"comics,graphic novel,Alan Moore,superhero,classic",883,3.6
APD273,Lenovo Tab P12,Electronics,Tablets,Lenovo,"12.7-inch 2K display tablet with Dimensity 7050, 8 GB RAM, quad JBL speakers, Dolby Atmos, and optional stylus pen for note-taking.","tablet,lenovo,2K,entertainment,JBL",29999,4.2
APD274,boAt Energyshroom PB300,Electronics,Power Banks,boAt,"10000 mAh compact power bank with 22.5W fast output, Type-C PD, smart IC protection, and a textured finish.","power bank,boAt,10000mAh,22.5W,compact",1240,4.6
APD275,The Palace of Illusions,Books,Fiction,Westland,"Chitra Banerjee Divakaruni retells the Mahabharata from Draupadi's perspective, offering a feminist take on the ancient epic with rich prose.","fiction,mythology,feminist,retelling",325,4.2
APD276,FabIndia Cotton Kurti Set,Fashion,Women's Clothing,FabIndia,Block-printed cotton kurti with matching pants and dupatta. Hand-finished details reflect India's artisan heritage. Comfortable all-day wear.,"kurti set,FabIndia,block print,artisan,women",2552,4.6
APD277,Apple iPhone 15,Electronics,Smartphones,Apple,,"smartphone,apple,iPhone,iOS,camera",69999,4.6
APD278,Allen Solly Women Blazer,Fashion,Women's Clothing,Allen Solly,,"blazer,Allen Solly,formal,women,office",3999,4.2
APD279,Prestige Non-Stick Dosa Tawa,Home & Kitchen,Cookware,Prestige,"Large flat tawa with non-stick coating, cool-touch handle, and even heat distribution. Makes crispy dosas and uttapams effortlessly.","cookware,Prestige,dosa tawa,non-stick,even heat",1015,4.4
APD280,Nilkamal Plastic Chair CHR 2180,Home & Kitchen,Furniture,Nilkamal,"Stackable moulded plastic chair with armrests, UV-stabilised material, and 150 kg load capacity. Affordable seating for events and home use.","furniture,Nilkamal,chair,stackable,UV stabilised",1205,3.9
APD281,Cosco CBX-320 Racquet Set,Sports,Badminton,Cosco,"Budget set of 2 steel-shaft racquets with PU grip, full cover, and 3 nylon shuttlecocks. Good starter set for beginners and kids.","badminton,Cosco,racquet set,beginner,budget",799,3.9
APD282,Prestige Omega Deluxe Tawa,Home & Kitchen,Cookware,Prestige,"Non-stick aluminium tawa with granite finish, induction-compatible base, heat-resistant handle, and 5-layer coating for oil-free cooking. Makes perfect dosas and rotis every time.","cookware,Prestige,tawa,non-stick,induction",1099,4.4
APD283,The Subtle Art of Not Giving a F*ck,Books,Self-Help,HarperCollins,Mark Manson's counterintuitive approach to living a good life by choosing what to care about and embracing limitations. Refreshingly honest.,"self-help,Manson,counterintuitive,values,bestseller",444,4.6
APD284,Rich Dad Poor Dad,Books,Self-Help,Penguin,"Robert Kiyosaki shares contrasting money lessons from two father figures — one rich, one poor — challenging conventional wisdom about wealth.","self-help,finance,Kiyosaki,money,investing",399,4.3
APD285,Puma Flyer Runner v2,Fashion,Footwear,Puma,"Lightweight running-inspired sneaker with mesh upper, SoftFoam+ insole, and rubber outsole. Affordable everyday comfort.","sneakers,puma,Flyer,affordable,mesh",2999,4.0
APD286,Noise Buds VS104,Electronics,Headphones,Noise,"Ultra-affordable TWS earbuds with 11 mm drivers, InPods design, Bluetooth 5.2, 18-hour total playback, and Tru Bass technology.","earbuds,Noise,TWS,budget,Tru Bass",570,4.5
APD287, Xiaomi Redmi Note 13 Pro+ ,Electronics,Smartphones,Xiaomi,"Feature-packed phone with 200 MP camera, curved AMOLED display, Dimensity 7200 Ultra, IP68 rating, and 120W HyperCharge.","smartphone,xiaomi,Redmi,200MP,fast charging",29999,4.3
APD288,Wren & Martin English Grammar,Books,Academic,Scholastic,"Comprehensive grammar reference widely used across Indian schools. Covers parts of speech, tenses, sentence construction, and composition.","academic,grammar,English,reference,school",350,4.3
APD289,Samsung Galaxy Tab A9+,Electronics,Tablets,Samsung,"Affordable Samsung tablet with 11-inch TFT display, Snapdragon 695, quad speakers, expandable storage, and One UI 5.1.","tablet,samsung,budget,android,quad speakers",22466,3.6
APD290,Yonex Voltric 200 Taufik,Sports,Badminton,Yonex,"Power-oriented racquet with Tri-Voltage System, isometric head shape, and head-heavy balance. Named after badminton legend Taufik Hidayat.","badminton,Yonex,Voltric,power,head heavy",6264,4.0
APD291,Bajaj 1200W Dry Iron,Home & Kitchen,Appliances,Bajaj,"Lightweight dry iron with non-stick soleplate, adjustable temperature knob, LED indicator, and 1.8 m cord. Quick heating in under 2 minutes.","appliance,Bajaj,iron,dry,non-stick",783,4.4
APD292,Realme GT 6T,Electronics,Smartphones,Realme,"Performance-value champ with Snapdragon 7+ Gen 3, 120 Hz 6.78-inch LTPO display, 5500 mAh battery, and 65W SUPERVOOC charging.","smartphone,realme,performance,LTPO,5G",27139,3.7
APD293, Nike Revolution 7 ,Fashion,Footwear,Nike,"Budget-friendly running shoe with cushioned midsole, breathable mesh, minimalist design, and durable rubber outsole. Entry-level pick for new runners.","running shoes,Nike,budget,beginner,lightweight",3695,4.0
APD294,Apple Watch Series 9,Electronics,Smartwatches,Apple,"Advanced health watch with S9 SiP chip, double-tap gesture, blood-oxygen sensor, ECG, always-on Retina display, and crash detection. Seamlessly works with iPhone.","smartwatch,apple,health,ECG,premium",41900,4.6
APD295,Casio Vintage A168WA,Fashion,Watches,Casio,"Retro-style digital watch with electro-luminescent backlight, stainless-steel band, daily alarm, and hourly time signal. Iconic since the '80s.",,3295,4.4
APD296,FabIndia Terracotta Vase,Home & Kitchen,Decor,FabIndia,"Handcrafted terracotta vase with earthy glaze and organic form. Each piece is unique, celebrating traditional Indian pottery techniques.","decor,FabIndia,vase,terracotta,handcrafted",850,3.8
APD297,Ikigai: The Japanese Secret,Books,Self-Help,Penguin,"Explores the Japanese concept of purpose through stories from Okinawa's centenarians. Offers lessons on longevity, happiness, and finding your reason for being.","self-help,ikigai,purpose,happiness,Japan",299,4.4
APD298,Nilkamal Plastic Chair CHR 2180,Home & Kitchen,Furniture,Nilkamal,"Stackable moulded plastic chair with armrests, UV-stabilised material, and 150 kg load capacity. Affordable seating for events and home use.","furniture,Nilkamal,chair,stackable,UV stabilised",1034,3.7
APD299,W Ethnic Maxi Dress,Fashion,Women's Clothing,W,"Floor-length maxi dress with traditional block print, V-neck, gathered waist, and side pockets. Effortlessly elegant for festive events.","dress,W,maxi,ethnic,women",2499,4.3
APD300,Biba Anarkali Kurta,Fashion,Women's Clothing,Biba,"Flared Anarkali-style kurta in viscose rayon with gold print detailing, mandarin collar, and three-quarter sleeves. Pair with palazzo pants for a festive look.",,1799,4.3
